state,city,Elevation,Slope,Aspect,Profile Curvature,Plan Curvature,TWI,SPI,TRI,MFI (Preciptation),Distance to Storm Drains,Distance To Natural Streams,Geology,Soil Type,Depth to Water Level,LULC,Flood
 New Delhi, Badarpur,161.00,0.00,-1.00,0.00,0.00,10.13,0.00,1.00,124.51,250.00,5000.00,7.00,9.00,5.00,5.00,1.00
 New Delhi, Badarpur,161.00,0.81,315.00,0.00,0.00,8.10,0.02,0.11,124.88,500.00,5000.00,7.00,9.00,5.00,12.00,1.00
 New Delhi, Badarpur,164.00,1.15,180.00,-0.64,0.00,6.39,-0.15,0.67,125.26,250.00,5000.00,7.00,9.00,5.00,5.00,1.00
 New Delhi, Sarita Vihar,162.00,4.57,0.00,0.00,0.00,5.73,0.00,0.50,126.13,1000.00,5000.00,7.00,6.00,5.00,12.00,1.00
 New Delhi, Tughlakabad,172.00,2.29,180.00,0.64,0.00,15.68,0.41,0.33,124.94,500.00,7500.00,2.00,2.00,6.00,12.00,1.00
 New Delhi, Sangam Vihar,186.00,4.05,188.13,0.00,0.00,6.26,0.05,0.56,125.31,500.00,7500.00,2.00,9.00,6.00,12.00,1.00
 New Delhi, Sangam Vihar,183.00,0.00,-1.00,0.00,0.00,11.83,0.00,1.00,125.35,750.00,7500.00,2.00,2.00,6.00,12.00,1.00
 New Delhi, Khanpur,180.00,0.81,45.00,0.00,0.00,8.66,0.03,0.11,125.48,10000.00,10000.00,7.00,4.00,6.00,5.00,1.00
 New Delhi, Khanpur,181.00,4.05,8.13,0.00,0.00,5.85,0.00,0.56,125.52,10000.00,10000.00,7.00,2.00,6.00,12.00,1.00
 New Delhi, Kalkaji,166.00,0.00,-1.00,0.00,0.00,10.53,0.00,1.00,125.87,500.00,5000.00,2.00,9.00,5.00,1.00,1.00
 New Delhi, Jasola,162.00,8.29,195.95,-1.24,0.68,4.45,-1.01,0.56,126.35,10000.00,2500.00,7.00,6.00,5.00,12.00,1.00
 New Delhi, Sarita Vihar,149.00,0.00,-1.00,0.00,0.00,10.82,0.00,1.00,126.60,1000.00,2500.00,5.00,9.00,5.00,12.00,1.00
 New Delhi, Khanpur,179.00,4.13,303.69,-0.64,0.64,5.14,-0.51,0.52,125.67,10000.00,10000.00,7.00,2.00,6.00,12.00,1.00
 New Delhi, Pushp Vihar,177.00,1.81,161.57,0.64,0.00,7.56,0.05,0.22,126.40,10000.00,10000.00,7.00,9.00,6.00,5.00,1.00
 New Delhi, Saket,179.00,2.29,180.00,0.64,0.00,13.62,0.32,0.33,125.71,10000.00,10000.00,7.00,2.00,6.00,12.00,1.00
 New Delhi, Chirag Dilli,171.00,2.56,333.44,0.32,-0.96,13.62,0.37,0.33,127.11,1000.00,7500.00,7.00,9.00,6.00,12.00,1.00
 New Delhi, Greater Kailash,174.00,0.81,45.00,0.00,0.00,9.71,0.04,0.11,126.90,1000.00,7500.00,7.00,9.00,6.00,12.00,1.00
 New Delhi, Greater Kailash,178.00,3.34,239.04,0.80,-0.48,10.01,0.28,0.28,126.65,1000.00,7500.00,2.00,9.00,6.00,1.00,1.00
 New Delhi, Chittaranjan Park,178.00,4.13,236.31,0.64,-0.64,6.93,0.12,0.48,126.60,500.00,7500.00,7.00,9.00,5.00,1.00,1.00
 New Delhi, Kalkaji,174.00,0.00,-1.00,0.00,0.00,12.27,0.00,1.00,126.49,10000.00,5000.00,2.00,9.00,5.00,7.00,1.00
 New Delhi, Okhla Industrial Estate,178.00,3.34,329.04,0.48,-0.80,7.43,0.12,0.67,126.22,10000.00,5000.00,7.00,9.00,5.00,12.00,1.00
 New Delhi, Okhla Industrial Estate,168.00,6.65,210.96,-0.44,0.20,5.76,0.08,0.56,126.36,1000.00,5000.00,7.00,6.00,5.00,7.00,1.00
 New Delhi, Begumpur,176.00,0.00,-1.00,0.00,0.00,11.63,0.00,1.00,127.61,10000.00,10000.00,7.00,9.00,5.00,12.00,1.00
 New Delhi, Greater Kailash,173.00,5.11,296.57,0.38,-0.26,7.01,0.18,0.37,126.92,250.00,7500.00,2.00,9.00,6.00,1.00,1.00
 New Delhi, Greater Kailash 1,170.00,0.00,-1.00,0.00,0.00,13.35,0.00,1.00,127.21,250.00,7500.00,7.00,9.00,6.00,1.00,1.00
 New Delhi, Greater Kailash 1,169.00,0.00,-1.00,0.00,0.00,9.43,-0.01,1.00,127.35,250.00,7500.00,2.00,9.00,5.00,1.00,1.00
 New Delhi, Saket,184.00,3.62,288.44,0.00,0.00,5.27,-0.44,0.50,125.72,10000.00,25000.00,7.00,2.00,5.00,12.00,1.00
 New Delhi, Sainik Farm,187.00,6.30,95.19,0.64,0.00,5.41,0.00,0.41,125.75,10000.00,25000.00,7.00,2.00,5.00,12.00,1.00
 New Delhi, Saket,179.00,2.56,63.43,0.64,-0.64,7.91,0.10,0.44,126.11,10000.00,10000.00,7.00,2.00,5.00,1.00,1.00
 New Delhi, Malviya Nagar,180.00,3.34,300.96,-0.80,0.48,5.35,-0.41,0.72,126.44,10000.00,10000.00,7.00,9.00,5.00,12.00,1.00
 New Delhi, Kalu Sarai,180.00,0.00,-1.00,0.00,0.00,14.29,0.00,1.00,127.08,10000.00,10000.00,7.00,9.00,5.00,1.00,1.00
 New Delhi, Begumpur,174.00,4.36,66.80,1.28,-0.64,7.28,0.16,0.33,127.76,10000.00,10000.00,7.00,9.00,5.00,12.00,1.00
 New Delhi, Hauz Khas,175.00,6.84,0.00,-0.64,0.00,5.33,0.00,0.56,128.02,10000.00,7500.00,7.00,9.00,5.00,1.00,1.00
 New Delhi, Hauz Khas,173.00,1.81,198.44,-0.64,0.00,5.95,-0.23,0.78,128.31,10000.00,10000.00,7.00,9.00,5.00,1.00,1.00
 New Delhi, Hauz Khas,175.00,0.81,45.00,0.00,0.00,8.80,0.03,0.11,128.03,10000.00,10000.00,7.00,9.00,5.00,12.00,1.00
 New Delhi, Sainik Farm,193.00,3.43,90.00,0.64,0.00,6.02,0.00,0.56,125.70,10000.00,25000.00,2.00,2.00,5.00,5.00,1.00
 New Delhi, Sainik Farm,190.00,0.00,-1.00,0.00,0.00,10.13,0.00,1.00,125.67,10000.00,25000.00,2.00,2.00,5.00,12.00,1.00
 New Delhi, Sainik Farm,189.00,0.81,45.00,0.00,0.00,9.81,0.05,0.11,124.98,10000.00,25000.00,2.00,2.00,5.00,6.00,1.00
 New Delhi, Mehrauli,211.00,0.00,-1.00,0.00,0.00,11.51,0.00,1.00,123.40,10000.00,25000.00,2.00,4.00,5.00,12.00,1.00
 New Delhi, Vasant Kunj,216.00,0.81,45.00,0.00,0.00,11.65,0.07,0.11,123.14,10000.00,25000.00,2.00,4.00,5.00,5.00,1.00
 New Delhi,G5Q6+X62,201.00,7.43,32.47,-0.30,0.34,5.94,0.14,0.44,125.89,10000.00,25000.00,2.00,2.00,5.00,5.00,1.00
 New Delhi, Vasant Kunj,210.00,0.00,-1.00,0.00,0.00,12.21,0.00,1.00,123.99,10000.00,25000.00,3.00,2.00,5.00,12.00,1.00
 New Delhi, Vasant Kunj,211.00,0.00,-1.00,0.00,0.00,11.83,0.00,1.00,124.18,10000.00,25000.00,2.00,2.00,5.00,12.00,1.00
 New Delhi, Mahipalpur,208.00,6.30,264.81,-0.64,1.28,4.72,-0.77,0.53,124.43,10000.00,25000.00,1.00,4.00,5.00,12.00,1.00
 New Delhi, Rajokri,200.00,6.15,158.20,-0.64,0.64,4.74,-0.75,0.52,120.85,10000.00,25000.00,1.00,4.00,6.00,1.00,1.00
 New Delhi, Bijwasan,170.00,3.24,45.00,0.64,-0.64,6.99,0.08,0.61,121.48,1000.00,25000.00,1.00,11.00,5.00,1.00,1.00
 Delhi, Dwarka,164.00,2.29,0.00,0.64,0.00,7.11,0.05,0.33,125.11,1000.00,25000.00,1.00,11.00,5.00,1.00,1.00
 New Delhi, Delhi Cantonment,169.00,0.00,-1.00,0.00,0.00,10.53,0.00,1.00,128.66,1000.00,25000.00,1.00,9.00,6.00,12.00,1.00
 New Delhi, Delhi Cantonment,174.00,2.29,0.00,-0.64,0.00,5.72,-0.28,0.67,127.88,10000.00,25000.00,1.00,9.00,6.00,5.00,1.00
 New Delhi, Delhi Cantonment,182.00,3.34,300.96,0.80,-0.48,7.14,0.10,0.28,126.85,1000.00,25000.00,2.00,9.00,5.00,12.00,1.00
 New Delhi, Mehram Nagar,191.00,2.56,63.43,0.64,0.00,5.61,-0.32,0.56,125.97,10000.00,25000.00,2.00,9.00,5.00,1.00,1.00
 New Delhi, Delhi Cantonment,196.00,10.45,310.60,0.08,0.72,4.21,-1.28,0.44,126.39,10000.00,25000.00,2.00,9.00,5.00,12.00,1.00
 New Delhi, Shankar Vihar,199.00,6.30,275.19,0.64,0.00,5.41,0.00,0.41,127.02,10000.00,25000.00,2.00,9.00,5.00,12.00,1.00
 New Delhi, Dhaula Kuan,200.00,1.15,180.00,0.00,0.00,8.69,0.05,0.78,127.21,10000.00,25000.00,7.00,9.00,5.00,12.00,1.00
 New Delhi, Vasant Vihar,194.00,2.29,180.00,-0.64,0.00,6.82,0.03,0.67,127.32,10000.00,25000.00,7.00,9.00,5.00,12.00,1.00
 New Delhi, Vasant Vihar,191.00,1.81,18.43,0.64,0.00,6.64,0.00,0.50,127.37,10000.00,25000.00,7.00,9.00,5.00,12.00,1.00
 New Delhi, Vasant Vihar,190.00,3.24,315.00,0.64,-0.64,6.77,0.06,0.61,127.43,10000.00,25000.00,7.00,9.00,5.00,12.00,1.00
 New Delhi, Vasant Vihar,185.00,0.81,135.00,0.00,0.00,7.41,0.00,0.89,127.62,1000.00,10000.00,7.00,9.00,5.00,12.00,1.00
 New Delhi, Vasant Vihar,183.00,0.81,45.00,0.00,0.00,12.34,0.09,0.89,127.77,750.00,10000.00,7.00,9.00,5.00,12.00,1.00
 New Delhi, R K Puram,184.00,5.17,263.66,0.00,0.00,5.61,0.00,0.37,127.87,750.00,10000.00,7.00,9.00,5.00,12.00,1.00
 New Delhi, South Moti Bagh,184.00,3.34,59.04,-0.80,0.48,5.35,-0.41,0.72,127.81,10000.00,10000.00,2.00,9.00,5.00,1.00,1.00
 New Delhi, Moti Bagh,181.00,3.34,149.04,0.80,-0.48,7.75,0.14,0.28,128.01,10000.00,10000.00,2.00,9.00,5.00,5.00,1.00
 New Delhi, South Moti Bagh,187.00,0.00,-1.00,0.00,0.00,9.43,-0.01,0.33,127.85,10000.00,10000.00,2.00,9.00,5.00,1.00,1.00
 New Delhi, Safdarjung Enclave,171.00,0.00,-1.00,0.00,0.00,13.49,0.00,1.00,128.88,250.00,7500.00,7.00,9.00,5.00,1.00,1.00
 New Delhi, Sarojini Nagar,169.00,4.13,146.31,0.13,-0.51,6.75,0.10,0.56,128.79,500.00,7500.00,7.00,9.00,5.00,12.00,1.00
 New Delhi, Kidwai Nagar,165.00,2.92,281.31,0.00,0.00,5.48,-0.36,0.56,128.56,250.00,7500.00,7.00,9.00,5.00,12.00,1.00
 New Delhi, Laxmi Bai Nagar,163.00,0.00,-1.00,0.00,0.00,11.23,0.00,1.00,128.27,500.00,7500.00,7.00,9.00,5.00,12.00,1.00
 New Delhi, Defence Colony,164.00,2.29,180.00,0.64,0.00,8.98,0.13,0.33,127.91,250.00,5000.00,7.00,9.00,5.00,12.00,1.00
 New Delhi, Siri Fort,173.00,2.56,296.57,-0.64,0.00,6.30,0.00,0.44,127.78,500.00,7500.00,7.00,9.00,5.00,6.00,1.00
 New Delhi, Hauz Khas,169.00,4.05,278.13,1.02,-0.90,6.77,0.10,0.33,128.45,10000.00,7500.00,7.00,9.00,5.00,1.00,1.00
 New Delhi, Greater Kailash 1,167.00,0.00,-1.00,0.00,0.00,11.51,0.00,1.00,127.44,500.00,7500.00,2.00,9.00,5.00,7.00,1.00
 New Delhi, Andrews Ganj,163.00,0.00,-1.00,0.00,0.00,11.63,0.00,1.00,127.66,250.00,7500.00,7.00,9.00,5.00,12.00,1.00
 New Delhi, Defence Colony,163.00,2.56,63.43,0.64,0.00,7.69,0.09,0.17,127.64,500.00,5000.00,7.00,9.00,5.00,12.00,1.00
 New Delhi, Pragati Vihar,161.00,6.46,315.00,0.32,0.32,5.39,0.00,0.44,127.79,500.00,5000.00,7.00,9.00,4.00,1.00,1.00
 New Delhi, Lajpat Nagar,162.00,0.00,-1.00,0.00,0.00,11.51,0.00,1.00,127.55,500.00,5000.00,2.00,9.00,5.00,1.00,1.00
 New Delhi, Jungpura,160.00,2.29,0.00,0.64,0.00,13.04,0.30,0.33,127.53,500.00,5000.00,7.00,9.00,4.00,7.00,1.00
 New Delhi, Lajpat Nagar,163.00,0.00,-1.00,0.00,0.00,12.43,0.00,1.00,127.40,250.00,5000.00,2.00,9.00,5.00,12.00,1.00
 New Delhi, Lajpat Nagar,164.00,0.81,225.00,0.00,0.00,9.61,0.04,0.11,127.30,250.00,5000.00,2.00,9.00,5.00,12.00,1.00
 New Delhi, Nehru Nagar,158.00,0.00,-1.00,0.00,0.00,16.33,0.01,1.00,127.16,250.00,5000.00,2.00,9.00,5.00,12.00,1.00
 New Delhi, Sidhartha Nagar,161.00,7.21,251.57,0.64,-0.64,5.68,0.09,0.56,127.22,500.00,2500.00,7.00,9.00,4.00,12.00,1.00
 Sikri, Okhla Industrial Estate,159.00,2.56,116.57,0.64,-0.64,7.69,0.09,0.44,127.15,250.00,2500.00,7.00,9.00,4.00,12.00,1.00
 New Delhi, Sidhartha Nagar,159.00,5.71,143.13,0.32,0.32,5.92,0.07,0.33,127.14,250.00,2500.00,7.00,9.00,4.00,12.00,1.00
 New Delhi, New Friends Colony,164.00,7.30,141.34,-0.44,0.20,5.27,0.00,0.47,126.94,1000.00,2500.00,7.00,9.00,5.00,12.00,1.00
 New Delhi, Okhla,164.00,4.57,90.00,0.00,0.00,6.43,0.09,0.41,126.84,500.00,2500.00,7.00,9.00,5.00,5.00,1.00
 New Delhi, Kalkaji,175.00,12.00,311.19,0.00,0.00,4.76,0.00,0.54,126.74,250.00,5000.00,2.00,9.00,5.00,12.00,1.00
 New Delhi, Kalkaji,172.00,0.81,135.00,0.00,0.00,11.06,0.07,0.11,126.67,750.00,5000.00,2.00,9.00,5.00,12.00,1.00
 New Delhi, New Friends Colony,165.00,5.42,71.57,-0.26,0.38,4.87,-0.66,0.59,126.76,250.00,5000.00,7.00,9.00,5.00,12.00,1.00
 New Delhi, New Friends Colony,162.00,0.00,-1.00,0.00,0.00,11.92,0.00,1.00,126.82,250.00,2500.00,7.00,9.00,5.00,12.00,1.00
 New Delhi, Pragati Vihar,160.00,0.00,-1.00,0.00,0.00,9.43,-0.01,1.00,127.64,750.00,5000.00,7.00,9.00,4.00,1.00,1.00
 New Delhi, Pragati Vihar,160.00,0.00,-1.00,0.00,0.00,11.92,0.00,1.00,127.56,250.00,5000.00,7.00,9.00,4.00,10.00,1.00
 New Delhi, Sarai Kale Khan,151.00,0.00,-1.00,0.00,0.00,11.63,0.00,1.00,127.36,1000.00,1000.00,5.00,9.00,3.00,5.00,1.00
 New Delhi, Sundar Nagar,151.00,3.34,59.04,0.80,-0.48,7.75,0.14,0.28,127.40,10000.00,750.00,5.00,9.00,3.00,7.00,1.00
 New Delhi, Sundar Nagar,156.00,0.81,315.00,0.00,0.00,8.91,0.03,0.11,127.45,1000.00,750.00,5.00,9.00,3.00,12.00,1.00
 New Delhi, Golf Links,160.00,0.00,-1.00,0.00,0.00,11.74,0.00,1.00,127.62,250.00,5000.00,7.00,9.00,3.00,1.00,1.00
 New Delhi, Sundar Nagar,155.00,3.43,90.00,1.28,0.00,12.97,0.47,0.22,127.59,500.00,1000.00,5.00,9.00,3.00,12.00,1.00
 New Delhi, India Gate,160.00,0.00,-1.00,0.00,0.00,12.43,0.00,1.00,127.61,250.00,2500.00,7.00,9.00,3.00,4.00,1.00
 New Delhi, India Gate,163.00,2.43,135.00,-0.48,0.80,5.66,-0.30,0.44,127.65,750.00,2500.00,7.00,9.00,3.00,5.00,1.00
 New Delhi, India Gate,155.00,0.00,-1.00,0.00,0.00,11.04,0.00,1.00,127.64,750.00,2500.00,7.00,9.00,3.00,7.00,1.00
 New Delhi, Patparganj,154.00,1.81,71.57,0.64,0.00,12.46,0.21,0.22,127.67,500.00,5000.00,6.00,9.00,3.00,12.00,1.00
 New Delhi, Krishna Nagar,158.00,4.71,255.96,-0.38,0.26,5.01,-0.58,0.56,127.93,500.00,5000.00,6.00,9.00,3.00,1.00,1.00
 New Delhi, Krishna Nagar,155.00,4.05,278.13,0.00,0.00,5.85,0.00,0.56,127.89,500.00,2500.00,6.00,9.00,3.00,1.00,1.00
 New Delhi, Shakarpur Khas,161.00,0.00,-1.00,0.00,0.00,9.43,-0.01,1.00,127.83,1000.00,2500.00,6.00,9.00,3.00,12.00,1.00
 Delhi, Anand Vihar,154.00,0.00,-1.00,0.00,0.00,12.90,0.00,1.00,128.06,250.00,5000.00,6.00,9.00,4.00,12.00,1.00
 Delhi, Shahdara,157.00,3.62,108.44,0.00,0.00,5.27,-0.44,0.50,128.20,250.00,1000.00,6.00,9.00,3.00,1.00,1.00
 New Delhi, Shahdara,156.00,0.00,-1.00,0.00,0.00,12.80,0.00,1.00,128.31,500.00,5000.00,6.00,9.00,3.00,12.00,1.00
 New Delhi, Shahdara,156.00,2.29,270.00,0.64,0.00,13.43,0.32,0.33,128.42,250.00,5000.00,6.00,9.00,3.00,12.00,1.00
 Delhi, STP,156.00,0.00,-1.00,0.00,0.00,16.25,0.01,1.00,128.50,750.00,7500.00,6.00,9.00,3.00,5.00,1.00
 Delhi, STP,156.00,0.00,-1.00,0.00,0.00,11.04,0.00,1.00,128.49,250.00,5000.00,6.00,9.00,3.00,12.00,1.00
 Delhi, Shahdara,157.00,2.56,116.57,0.64,-0.64,6.30,0.00,0.44,128.47,1000.00,5000.00,6.00,9.00,2.00,12.00,1.00
 New Delhi, Shahdara,157.00,4.92,234.46,-0.26,0.38,4.97,-0.60,0.59,128.50,250.00,2500.00,6.00,9.00,2.00,12.00,1.00
 Delhi, Timarpur,160.00,2.56,296.57,0.64,-0.64,6.30,0.00,0.44,128.59,250.00,500.00,5.00,9.00,3.00,12.00,1.00
 Delhi, Civil Lines,162.00,4.05,278.13,1.28,0.00,7.73,0.18,0.28,128.85,250.00,1000.00,5.00,9.00,2.00,12.00,1.00
 Delhi, Civil Lines,168.00,1.81,161.57,0.00,0.00,9.17,0.10,0.56,128.87,250.00,2500.00,7.00,9.00,3.00,5.00,1.00
 Delhi, Jagjit Nagar,158.00,1.62,135.00,-0.96,0.32,6.06,-0.20,0.56,128.45,1000.00,2500.00,6.00,9.00,2.00,12.00,1.00
 Delhi, Kashmere Gate,165.00,4.36,293.20,0.00,-0.64,6.19,0.05,0.61,128.71,750.00,1000.00,5.00,9.00,2.00,12.00,1.00
 Delhi, Kashmere Gate,159.00,4.05,171.87,0.00,0.00,5.85,0.00,0.44,128.65,500.00,500.00,5.00,9.00,2.00,12.00,1.00
 Delhi, Kashmere Gate,160.00,0.00,-1.00,0.00,0.00,12.14,0.00,1.00,128.66,500.00,750.00,5.00,9.00,2.00,12.00,1.00
 Delhi, Civil Lines,168.00,5.17,276.34,0.00,0.00,6.53,0.13,0.37,128.70,750.00,2500.00,7.00,9.00,3.00,1.00,1.00
 Delhi, Civil Lines,170.00,2.56,63.43,0.64,-0.64,8.38,0.12,0.44,128.74,750.00,2500.00,7.00,9.00,3.00,5.00,1.00
 New Delhi, Chandni Chowk,168.00,1.15,180.00,0.00,0.00,7.78,0.02,0.50,128.53,500.00,750.00,5.00,9.00,2.00,1.00,1.00
 New Delhi, Chandni Chowk,156.00,0.00,-1.00,0.00,0.00,12.48,0.00,1.00,128.50,500.00,500.00,5.00,9.00,3.00,7.00,1.00
 New Delhi, Chandni Chowk,160.00,2.56,333.44,0.64,0.00,12.06,0.29,0.17,128.43,1000.00,500.00,5.00,9.00,3.00,7.00,1.00
 New Delhi, Chandni Chowk,166.00,8.40,28.30,0.13,0.13,6.04,0.21,0.47,128.44,1000.00,750.00,5.00,9.00,3.00,7.00,1.00
 New Delhi, Chandni Chowk,165.00,0.00,-1.00,0.00,0.00,10.13,0.00,1.00,128.48,500.00,2500.00,7.00,9.00,3.00,5.00,1.00
 New Delhi, Raj Ghat,160.00,2.56,296.57,0.64,-0.64,6.30,0.00,0.44,128.20,500.00,2500.00,5.00,9.00,3.00,7.00,1.00
 New Delhi, Daryaganj,168.00,1.81,251.57,0.64,0.00,6.64,0.00,0.22,128.18,250.00,2500.00,5.00,9.00,3.00,12.00,1.00
 New Delhi, Ashok Vihar,169.00,13.06,7.43,-1.21,0.71,3.98,-1.61,0.52,128.62,750.00,5000.00,7.00,9.00,4.00,1.00,1.00
 Delhi, katra,168.00,0.00,-1.00,0.00,0.00,11.51,0.00,1.00,128.54,1000.00,5000.00,7.00,9.00,3.00,7.00,1.00
 New Delhi, Sadar Bazar North,175.00,0.00,-1.00,0.00,0.00,12.07,0.00,1.00,128.56,1000.00,5000.00,7.00,9.00,3.00,5.00,1.00
 New Delhi, Kishan Ganj,177.00,2.56,116.57,-0.64,0.64,5.61,-0.32,0.56,128.44,10000.00,5000.00,7.00,9.00,3.00,12.00,1.00
 New Delhi, Kishan Ganj,175.00,4.13,213.69,1.15,-0.77,12.74,0.56,0.39,128.37,10000.00,5000.00,7.00,9.00,3.00,12.00,1.00
 New Delhi, Karol Bagh,179.00,5.11,296.57,1.41,-0.51,7.01,0.18,0.26,128.26,10000.00,5000.00,7.00,9.00,3.00,1.00,1.00
 New Delhi, Sadar Bazaar,181.00,4.92,144.46,0.00,-0.64,6.07,0.06,0.67,128.31,750.00,5000.00,7.00,9.00,3.00,12.00,1.00
 New Delhi, Paharganj,164.00,0.81,135.00,0.00,0.00,8.10,0.02,0.11,128.11,500.00,5000.00,7.00,9.00,3.00,12.00,1.00
 New Delhi, Karol Bagh,180.00,7.21,161.57,-0.64,0.64,4.59,-0.88,0.58,128.07,10000.00,5000.00,7.00,9.00,3.00,12.00,1.00
 New Delhi, Karol Bagh,181.00,0.00,-1.00,0.00,0.00,12.65,0.00,1.00,128.10,10000.00,5000.00,7.00,9.00,4.00,5.00,1.00
 New Delhi, Karol Bagh,180.00,4.13,213.69,0.13,-0.51,6.24,0.05,0.56,128.18,10000.00,5000.00,7.00,9.00,3.00,12.00,1.00
 New Delhi, Karol Bagh,183.00,2.43,225.00,0.80,-0.48,9.22,0.15,0.33,128.03,10000.00,5000.00,7.00,9.00,4.00,12.00,1.00
 New Delhi, Central Ridge Reserve Forest,185.00,3.43,270.00,0.00,0.00,5.32,-0.42,0.50,128.03,10000.00,5000.00,7.00,9.00,3.00,12.00,1.00
 New Delhi, Paharganj,177.00,2.29,0.00,-0.64,1.28,5.72,-0.28,0.61,128.00,10000.00,5000.00,7.00,9.00,3.00,12.00,1.00
 New Delhi, Paharganj,171.00,6.51,105.26,0.74,-0.54,6.07,0.13,0.44,127.99,10000.00,5000.00,7.00,9.00,3.00,5.00,1.00
 New Delhi, Paharganj,169.00,5.17,276.34,0.00,0.00,6.30,0.10,0.37,128.02,500.00,5000.00,7.00,9.00,3.00,12.00,1.00
 New Delhi, Barakhamba,163.00,0.00,-1.00,0.00,0.00,11.38,0.00,1.00,128.03,250.00,5000.00,7.00,9.00,3.00,1.00,1.00
 New Delhi, Barakhamba,163.00,0.81,135.00,0.00,0.00,11.09,0.07,0.11,128.08,500.00,5000.00,7.00,9.00,3.00,12.00,1.00
 Delhi, Chandni Chowk,158.00,3.34,300.96,-0.48,0.80,5.35,-0.41,0.33,128.01,250.00,2500.00,5.00,9.00,3.00,12.00,1.00
 New Delhi, Raj Ghat,159.00,2.56,296.57,0.64,0.00,6.30,0.00,0.56,127.98,250.00,2500.00,5.00,9.00,3.00,7.00,1.00
 New Delhi, Vikram Nagar,156.00,0.00,-1.00,0.00,0.00,11.23,0.00,1.00,127.86,750.00,1000.00,5.00,9.00,3.00,12.00,1.00
 New Delhi, Vikram Nagar,157.00,2.43,45.00,-0.16,1.12,5.66,-0.30,0.33,127.81,500.00,1000.00,5.00,9.00,2.00,12.00,1.00
 New Delhi, Mandi House,156.00,6.65,149.04,1.28,0.00,6.97,0.26,0.15,127.81,250.00,2500.00,5.00,9.00,3.00,12.00,1.00
 New Delhi, Mandi House,165.00,0.00,-1.00,0.00,0.00,9.43,-0.01,1.00,127.83,250.00,2500.00,7.00,9.00,3.00,12.00,1.00
 New Delhi, Haryana Estate Area,165.00,4.05,188.13,0.00,0.00,5.16,-0.50,0.44,127.88,250.00,2500.00,7.00,9.00,3.00,12.00,1.00
 New Delhi, Barakhamba,164.00,2.29,180.00,0.64,0.00,7.92,0.09,0.33,127.96,500.00,2500.00,7.00,9.00,3.00,7.00,1.00
 New Delhi, Paharganj,163.00,0.00,-1.00,0.00,0.00,11.92,0.00,1.00,127.95,500.00,5000.00,7.00,9.00,3.00,12.00,1.00
 New Delhi, Paharganj,166.00,0.81,135.00,0.00,0.00,8.10,0.02,0.11,127.95,1000.00,5000.00,7.00,9.00,3.00,12.00,1.00
 New Delhi, President's Estate,170.00,0.00,-1.00,0.00,0.00,10.53,0.00,1.00,127.92,10000.00,7500.00,7.00,9.00,3.00,12.00,1.00
 New Delhi, Connaught Place,166.00,2.56,153.44,0.64,0.00,7.69,0.09,0.17,127.84,10000.00,5000.00,7.00,9.00,4.00,1.00,1.00
 New Delhi, President's Estate,172.00,2.43,135.00,0.80,-0.48,7.27,0.06,0.33,127.94,1000.00,7500.00,7.00,9.00,4.00,12.00,1.00
 New Delhi, Pataudi House,165.00,1.15,0.00,-0.64,0.00,7.78,0.02,0.89,127.77,10000.00,5000.00,7.00,9.00,4.00,7.00,1.00
 New Delhi, India Gate,155.00,0.00,-1.00,0.00,0.00,12.21,0.00,1.00,127.67,750.00,2500.00,7.00,9.00,3.00,12.00,1.00
 New Delhi, Sansad Marg Area,163.00,0.00,-1.00,0.00,0.00,11.92,0.00,1.00,127.75,10000.00,5000.00,7.00,9.00,4.00,1.00,1.00
 New Delhi, Connaught Place,172.00,0.81,225.00,0.00,0.00,8.33,0.02,0.11,127.86,250.00,7500.00,7.00,9.00,4.00,1.00,1.00
 New Delhi, Malcha,184.00,4.13,303.69,0.13,-0.51,5.83,0.00,0.56,128.00,10000.00,7500.00,2.00,9.00,5.00,12.00,1.00
 New Delhi, Rajinder Nagar,189.00,0.00,-1.00,0.00,0.00,11.74,0.00,1.00,128.04,10000.00,7500.00,2.00,9.00,5.00,12.00,1.00
 New Delhi, Pusa,184.00,5.65,315.00,-0.16,-0.16,5.93,0.07,0.63,128.02,10000.00,7500.00,1.00,9.00,5.00,12.00,1.00
 New Delhi, Pusa,175.00,0.00,-1.00,0.00,0.00,11.63,0.00,1.00,128.71,750.00,10000.00,2.00,9.00,5.00,6.00,1.00
 New Delhi, Dhaula Kuan,192.00,7.43,237.53,0.98,-0.94,6.50,0.24,0.42,128.18,10000.00,10000.00,2.00,9.00,5.00,7.00,1.00
 New Delhi, North West Moti Bagh,195.00,0.00,-1.00,0.00,0.00,11.38,0.00,1.00,127.94,10000.00,10000.00,2.00,9.00,5.00,12.00,1.00
 New Delhi, Connaught Place,166.00,1.15,180.00,0.64,0.00,7.08,0.00,0.11,127.87,750.00,7500.00,7.00,9.00,4.00,12.00,1.00
 New Delhi, Connaught Place,171.00,0.00,-1.00,0.00,0.00,10.53,0.00,1.00,127.91,250.00,7500.00,7.00,9.00,5.00,5.00,1.00
 New Delhi, Chanakyapuri,180.00,1.81,198.44,-0.64,0.00,5.95,-0.23,0.78,128.11,1000.00,7500.00,7.00,9.00,5.00,5.00,1.00
 New Delhi, Chanakyapuri,176.00,0.00,-1.00,0.00,0.00,11.83,0.00,1.00,128.00,10000.00,7500.00,7.00,9.00,5.00,5.00,1.00
 New Delhi, Chanakyapuri,182.00,2.92,78.69,-0.64,0.00,7.43,0.09,0.39,127.92,10000.00,10000.00,2.00,9.00,5.00,1.00,1.00
 New Delhi, Naraina,175.00,8.70,258.69,1.24,0.60,6.48,0.30,0.36,127.96,10000.00,25000.00,1.00,9.00,5.00,5.00,1.00
 New Delhi, Naraina,173.00,1.81,341.57,0.64,0.00,5.95,-0.23,0.22,127.84,10000.00,25000.00,1.00,9.00,5.00,12.00,1.00
 New Delhi, Naraina,179.00,5.42,251.57,0.26,-0.38,6.48,0.13,0.41,128.04,10000.00,10000.00,2.00,9.00,5.00,1.00,1.00
 New Delhi, Mayapuri,168.00,3.24,45.00,0.96,-0.32,6.48,0.04,0.22,127.37,1000.00,25000.00,1.00,9.00,5.00,5.00,1.00
 New Delhi, Hari Nagar,166.00,0.00,-1.00,0.00,0.00,12.99,0.00,1.00,126.61,750.00,25000.00,1.00,9.00,5.00,5.00,1.00
 New Delhi, Janakpuri,166.00,0.00,-1.00,0.00,0.00,11.83,0.00,1.00,126.93,750.00,25000.00,1.00,9.00,5.00,1.00,1.00
 New Delhi, Janakpuri,168.00,2.29,90.00,0.64,0.00,9.05,0.14,0.33,127.03,750.00,25000.00,1.00,9.00,5.00,1.00,1.00
 New Delhi, Janakpuri,168.00,0.00,-1.00,0.00,0.00,11.51,0.00,1.00,127.28,250.00,25000.00,1.00,9.00,5.00,12.00,1.00
 New Delhi, Tilak Nagar,170.00,2.43,225.00,-0.48,0.80,5.66,-0.30,0.44,125.82,500.00,25000.00,1.00,9.00,4.00,1.00,1.00
 New Delhi, Dabri,165.00,0.81,225.00,0.00,0.00,8.80,0.03,0.11,127.06,250.00,25000.00,1.00,9.00,5.00,12.00,1.00
 New Delhi, Mahavir Enclave,164.00,1.81,341.57,0.64,0.00,5.95,-0.23,0.22,128.01,750.00,25000.00,1.00,9.00,5.00,12.00,1.00
 New Delhi, Palam,170.00,3.24,315.00,0.64,-0.64,5.38,-0.40,0.61,128.24,750.00,25000.00,1.00,9.00,6.00,1.00,1.00
 New Delhi, Mahavir Enclave,164.00,0.00,-1.00,0.00,0.00,11.23,0.00,1.00,127.74,500.00,25000.00,1.00,9.00,5.00,1.00,1.00
 New Delhi, Dwarka,164.00,0.00,-1.00,0.00,0.00,12.21,0.00,1.00,126.98,500.00,25000.00,1.00,11.00,5.00,5.00,1.00
 New Delhi, Palam,165.00,1.62,135.00,0.00,0.00,6.06,-0.20,0.11,126.36,500.00,25000.00,1.00,11.00,5.00,1.00,1.00
 New Delhi, Raj Nagar,164.00,0.00,-1.00,0.00,0.00,13.30,0.00,1.00,124.20,250.00,25000.00,1.00,6.00,5.00,12.00,1.00
 New Delhi, Uttam Nagar,165.00,0.00,-1.00,0.00,0.00,11.63,0.00,1.00,123.23,10000.00,25000.00,1.00,6.00,5.00,1.00,1.00
 New Delhi, Uttam Nagar,164.00,5.65,315.00,0.16,0.16,5.52,0.00,0.37,120.29,10000.00,25000.00,1.00,6.00,5.00,1.00,1.00
 New Delhi, Dwarka,163.00,4.36,66.80,0.00,0.64,5.09,-0.53,0.39,114.14,500.00,25000.00,1.00,11.00,5.00,5.00,1.00
 Delhi, Najafgarh,163.00,4.05,261.87,0.00,0.00,6.95,0.12,0.56,109.42,250.00,25000.00,1.00,6.00,5.00,7.00,1.00
 Delhi, Vishnu Garden,164.00,1.15,0.00,0.64,0.00,8.79,0.05,0.33,124.63,750.00,25000.00,1.00,9.00,4.00,12.00,1.00
 Delhi, Paschim Vihar,163.00,2.29,270.00,0.64,0.00,8.90,0.13,0.33,125.11,750.00,25000.00,1.00,9.00,3.00,12.00,1.00
 Delhi, Paschim Vihar,163.00,0.00,-1.00,0.00,0.00,11.51,0.00,1.00,125.29,10000.00,25000.00,1.00,9.00,3.00,12.00,1.00
 Delhi, Paschim Vihar,163.00,0.00,-1.00,0.00,0.00,11.23,0.00,1.00,125.42,10000.00,25000.00,1.00,9.00,3.00,12.00,1.00
 Delhi, Paschim Vihar,164.00,0.00,-1.00,0.00,0.00,11.38,0.00,1.00,125.61,10000.00,25000.00,1.00,9.00,3.00,12.00,1.00
 New Delhi, Nangloi,169.00,1.81,18.43,0.64,0.00,6.64,0.00,0.22,123.53,500.00,25000.00,1.00,6.00,2.00,12.00,1.00
 New Delhi, Sudershan Park,163.00,1.81,161.57,0.64,0.00,12.45,0.21,0.22,126.89,500.00,25000.00,1.00,9.00,4.00,12.00,1.00
 New Delhi, Sudershan Park,166.00,1.81,288.44,-0.64,0.00,5.95,-0.23,0.78,126.99,500.00,25000.00,1.00,9.00,4.00,1.00,1.00
 New Delhi, Punjabi Bagh,164.00,0.00,-1.00,0.00,0.00,12.14,0.00,1.00,127.45,250.00,10000.00,1.00,9.00,4.00,1.00,1.00
 New Delhi, Punjabi Bagh,164.00,0.81,135.00,0.00,0.00,8.91,0.03,0.11,127.64,750.00,10000.00,1.00,9.00,4.00,12.00,1.00
 New Delhi, Pitam Pura,165.00,0.00,-1.00,0.00,0.00,11.63,0.00,1.00,127.32,10000.00,25000.00,1.00,9.00,3.00,12.00,1.00
 New Delhi, Pitam Pura,165.00,0.00,-1.00,0.00,0.00,14.41,0.00,1.00,126.13,500.00,25000.00,1.00,9.00,3.00,7.00,1.00
 New Delhi, Kirti Nagar,166.00,3.34,210.96,0.48,-0.80,7.43,0.12,0.67,127.51,750.00,10000.00,1.00,9.00,5.00,12.00,1.00
 New Delhi, Rajouri Garden,166.00,2.92,168.69,-0.64,0.00,7.56,0.10,0.39,126.85,500.00,25000.00,1.00,9.00,4.00,12.00,1.00
 New Delhi, Karam Pura,164.00,0.00,-1.00,0.00,0.00,11.51,0.00,1.00,127.88,750.00,7500.00,1.00,9.00,4.00,12.00,1.00
 Delhi, Daya Basti,174.00,5.11,63.43,-0.13,0.51,4.93,-0.62,0.56,127.96,750.00,7500.00,1.00,9.00,4.00,12.00,1.00
 New Delhi, Tri Nagar,169.00,1.15,270.00,0.00,0.00,6.39,-0.15,0.78,128.03,500.00,10000.00,1.00,9.00,4.00,12.00,1.00
 New Delhi, Karam Pura,166.00,5.11,153.44,-0.13,0.51,4.93,-0.62,0.56,127.88,250.00,7500.00,1.00,9.00,4.00,1.00,1.00
 New Delhi, Anand Parbat,173.00,3.34,329.04,-0.64,0.00,8.68,0.20,0.59,128.01,500.00,7500.00,1.00,9.00,4.00,12.00,1.00
 New Delhi, Anand Parbat,181.00,8.40,241.70,0.00,-0.64,5.12,0.00,0.64,128.09,500.00,7500.00,1.00,9.00,4.00,12.00,1.00
 New Delhi, Karol Bagh,172.00,5.11,26.57,0.13,-0.51,6.03,0.06,0.44,128.16,500.00,5000.00,1.00,9.00,4.00,12.00,1.00
 Delhi, Tri Nagar,170.00,3.34,210.96,-0.48,0.80,5.35,-0.41,0.33,128.47,250.00,7500.00,7.00,9.00,4.00,7.00,1.00
 Delhi, Wazirpur,167.00,2.43,45.00,-0.80,0.48,5.66,-0.30,0.67,128.57,750.00,10000.00,7.00,9.00,4.00,5.00,1.00
 New Delhi, Wazirpur,167.00,2.43,45.00,0.80,-0.48,7.45,0.07,0.33,128.61,250.00,7500.00,7.00,9.00,4.00,3.00,1.00
 New Delhi, Pitam Pura,166.00,0.00,-1.00,0.00,0.00,11.04,0.00,1.00,128.75,10000.00,10000.00,1.00,9.00,4.00,12.00,1.00
 Delhi, Azadpur,160.00,0.00,-1.00,0.00,0.00,11.63,0.00,1.00,128.30,500.00,7500.00,7.00,9.00,3.00,12.00,1.00
 Delhi, Azadpur,161.00,0.00,-1.00,0.00,0.00,10.82,0.00,1.00,128.32,500.00,7500.00,7.00,9.00,3.00,12.00,1.00
 Delhi, Azadpur,161.00,0.00,-1.00,0.00,0.00,11.74,0.00,1.00,128.37,500.00,5000.00,7.00,9.00,3.00,12.00,1.00
 Delhi, Gujranwala Town,164.00,5.71,90.00,0.64,0.00,5.51,0.00,0.44,128.45,1000.00,5000.00,7.00,9.00,3.00,12.00,1.00
 New Delhi, Kalyan Vihar,164.00,2.56,243.44,0.64,0.00,6.30,0.00,0.56,128.75,500.00,2500.00,7.00,9.00,3.00,12.00,1.00
 Delhi, Mukherjee Nagar,160.00,0.00,-1.00,0.00,0.00,11.38,0.00,1.00,128.80,250.00,2500.00,2.00,9.00,3.00,12.00,1.00
 Delhi, Mukherjee Nagar,162.00,4.05,188.13,0.00,0.00,5.16,-0.50,0.44,128.82,500.00,2500.00,2.00,9.00,3.00,12.00,1.00
 Delhi, Adarsh Nagar,161.00,0.00,-1.00,0.00,0.00,11.04,0.00,1.00,128.28,10000.00,7500.00,6.00,9.00,3.00,5.00,1.00
 Delhi, Jahangirpuri,158.00,0.00,-1.00,0.00,0.00,12.52,0.00,1.00,128.17,10000.00,7500.00,6.00,9.00,3.00,5.00,1.00
 Delhi, Rohini,166.00,2.92,258.69,-0.64,0.00,6.58,0.04,0.39,126.82,250.00,25000.00,1.00,7.00,3.00,5.00,1.00
 Delhi, Sanjay Gandhi Transport Nagar,163.00,2.56,333.44,-0.64,0.64,5.61,-0.32,0.56,127.48,750.00,7500.00,7.00,12.00,3.00,5.00,1.00
 Delhi, Barwala,170.00,2.56,296.57,0.64,0.00,6.30,0.00,0.56,122.04,1000.00,25000.00,1.00,6.00,3.00,5.00,1.00
 Delhi, Barwala,168.00,2.43,225.00,-0.80,0.48,7.27,0.06,0.67,122.63,10000.00,25000.00,1.00,6.00,3.00,12.00,1.00
 Gurugram, Aya Nagar,227.00,0.00,-1.00,0.00,0.00,11.23,0.00,1.00,118.67,10000.00,25000.00,3.00,4.00,6.00,12.00,1.00
 Delhi, Begum Pur,163.00,0.00,-1.00,0.00,0.00,12.27,0.00,1.00,123.91,10000.00,25000.00,1.00,6.00,2.00,7.00,0.00
 Delhi, Paschim Vihar,163.00,1.81,108.44,0.64,0.00,10.58,0.15,0.22,124.79,750.00,25000.00,1.00,9.00,3.00,9.00,0.00
 Pindori Maya Singh, Singhu,159.00,2.43,315.00,0.80,-0.48,11.00,0.23,0.33,127.61,250.00,10000.00,6.00,11.00,4.00,8.00,0.00
 New Delhi, Tughlakabad,183.00,6.51,307.88,0.16,0.16,5.38,0.00,0.47,125.25,250.00,7500.00,2.00,9.00,6.00,6.00,0.00
 Delhi, Dichaon Kalan,163.00,2.29,270.00,-0.64,0.00,6.82,0.03,0.67,114.06,500.00,25000.00,1.00,14.00,3.00,5.00,0.00
 Delhi, Pur VIllage,157.00,4.05,98.13,0.00,0.00,5.16,-0.50,0.44,128.23,10000.00,2500.00,6.00,12.00,2.00,7.00,0.00
 Delhi, Qutub Vihar,162.00,0.00,-1.00,0.00,0.00,12.32,0.00,1.00,114.43,1000.00,25000.00,1.00,11.00,5.00,7.00,0.00
 New Delhi, Rohini,167.00,0.00,-1.00,0.00,0.00,10.13,0.00,1.00,123.07,1000.00,25000.00,1.00,6.00,3.00,5.00,0.00
 New Delhi, Dera Mandi,215.00,0.81,135.00,0.00,0.00,9.49,0.04,0.11,121.83,10000.00,25000.00,4.00,13.00,6.00,5.00,0.00
 Delhi, Mundka,162.00,0.00,-1.00,0.00,0.00,13.10,0.00,1.00,117.67,500.00,25000.00,1.00,6.00,1.00,5.00,0.00
 New Delhi, Anand Parbat,188.00,3.24,225.00,-0.64,0.64,5.38,-0.40,0.39,127.94,750.00,7500.00,2.00,9.00,4.00,7.00,0.00
 New Delhi, Chhawla,162.00,0.00,-1.00,0.00,0.00,11.38,0.00,1.00,114.11,1000.00,50000.00,1.00,6.00,4.00,7.00,0.00
 Delhi, Paschim Vihar,164.00,0.00,-1.00,0.00,0.00,14.29,0.00,1.00,126.55,750.00,25000.00,1.00,9.00,4.00,5.00,0.00
 Delhi, Shahdara,158.00,3.34,120.96,-0.80,0.48,6.04,0.00,0.72,128.32,250.00,5000.00,6.00,9.00,3.00,7.00,0.00
 Delhi, Hiranki,160.00,2.92,281.31,0.64,0.00,6.18,0.00,0.61,127.05,10000.00,5000.00,6.00,11.00,4.00,8.00,0.00
 Delhi, Dwarka,165.00,6.15,201.80,-0.64,0.64,4.74,-0.75,0.52,123.56,250.00,25000.00,1.00,11.00,5.00,5.00,0.00
 Delhi,R3J9+6V,166.00,4.05,98.13,0.00,0.00,5.16,-0.50,0.44,126.42,500.00,25000.00,6.00,3.00,4.00,7.00,0.00
 New Delhi, Begumpur,175.00,0.00,-1.00,0.00,0.00,14.08,0.00,1.00,127.43,10000.00,10000.00,7.00,9.00,5.00,7.00,0.00
 New Delhi, Sultanpur Dabas,166.00,2.56,243.44,-0.64,0.00,7.69,0.09,0.44,120.97,750.00,25000.00,1.00,10.00,2.00,8.00,0.00
 Delhi, Burari,156.00,0.00,-1.00,0.00,0.00,14.85,0.01,1.00,127.70,1000.00,5000.00,6.00,12.00,1.00,8.00,0.00
 New Delhi, Radhey Mohan Drive,205.00,1.81,251.57,0.64,0.00,8.94,0.10,0.22,121.12,250.00,25000.00,3.00,13.00,6.00,7.00,0.00
 New Delhi, Rangpuri,198.00,0.00,-1.00,0.00,0.00,9.43,-0.01,1.00,123.04,10000.00,25000.00,1.00,4.00,6.00,7.00,0.00
 Delhi, Wazirabad,154.00,3.24,135.00,0.96,-0.32,6.77,0.06,0.22,128.45,500.00,500.00,5.00,12.00,2.00,8.00,0.00
 Ghaziabad, Mandoli,157.00,1.81,161.57,0.64,0.00,9.21,0.11,0.22,128.71,10000.00,10000.00,6.00,6.00,4.00,5.00,0.00
 Delhi, Singhu,159.00,0.00,-1.00,0.00,0.00,13.78,0.00,1.00,127.72,10000.00,10000.00,6.00,10.00,4.00,7.00,0.00
 New Delhi, Pusa,183.00,4.36,156.80,0.26,-0.38,6.19,0.05,0.50,128.64,1000.00,10000.00,2.00,9.00,5.00,5.00,0.00
 New Delhi, Jaunapur,204.00,0.00,-1.00,0.00,0.00,14.15,0.00,1.00,120.52,750.00,25000.00,3.00,4.00,6.00,7.00,0.00
 New Delhi, Mansarover Garden,173.00,12.75,45.00,0.00,0.00,4.70,0.00,0.50,127.22,750.00,25000.00,1.00,9.00,5.00,5.00,0.00
 New Delhi, Kapas Hera,175.00,0.00,-1.00,0.00,0.00,10.82,0.00,1.00,121.70,750.00,25000.00,1.00,4.00,6.00,5.00,0.00
 Delhi, Dwarka,165.00,3.34,300.96,-0.48,0.80,5.35,-0.41,0.33,119.43,500.00,25000.00,1.00,11.00,5.00,5.00,0.00
 New Delhi, Dwarka,166.00,0.00,-1.00,0.00,0.00,11.92,0.00,1.00,126.74,500.00,25000.00,1.00,4.00,6.00,5.00,0.00
 Delhi, Narela,161.00,2.56,26.57,0.64,0.00,7.91,0.10,0.17,126.55,250.00,25000.00,6.00,3.00,4.00,5.00,0.00
 New Delhi, Malviya Nagar,180.00,0.00,-1.00,0.00,0.00,14.68,0.01,1.00,126.44,10000.00,10000.00,7.00,9.00,5.00,10.00,0.00
 Budhanpur Majra, Salahpur Majra Village,163.00,0.00,-1.00,0.00,0.00,9.43,-0.01,1.00,115.17,250.00,25000.00,1.00,10.00,3.00,8.00,0.00
 Delhi, University Enclave,172.00,0.81,135.00,0.00,0.00,8.10,0.02,0.11,128.89,250.00,2500.00,7.00,9.00,3.00,6.00,0.00
 Delhi, Najafgarh,163.00,2.29,90.00,-0.64,0.00,5.72,-0.28,0.67,107.15,1000.00,50000.00,1.00,6.00,4.00,8.00,0.00
 New Delhi, Vasant Kunj,213.00,0.00,-1.00,0.00,0.00,11.63,0.00,1.00,122.56,10000.00,25000.00,3.00,4.00,5.00,7.00,0.00
 Delhi, Bankoli Village,160.00,2.29,90.00,0.64,0.00,6.41,0.00,0.33,126.65,500.00,7500.00,6.00,9.00,4.00,5.00,0.00
 Delhi, Haibutpur,162.00,0.81,315.00,0.00,0.00,8.10,0.02,0.11,108.11,10000.00,50000.00,1.00,14.00,4.00,5.00,0.00
 Delhi, Timarpur,158.00,0.81,315.00,0.00,0.00,9.20,0.04,0.11,128.63,250.00,500.00,5.00,9.00,3.00,5.00,0.00
 New Delhi, Central Ridge Reserve Forest,172.00,0.00,-1.00,0.00,0.00,11.04,0.00,1.00,127.97,10000.00,5000.00,7.00,9.00,3.00,6.00,0.00
 Delhi, Ghazipur,157.00,0.00,-1.00,0.00,0.00,11.04,0.00,1.00,127.93,750.00,7500.00,6.00,9.00,5.00,5.00,0.00
 Delhi, Marmurpur,160.00,0.00,-1.00,0.00,0.00,10.82,0.00,1.00,128.02,10000.00,10000.00,6.00,11.00,5.00,5.00,0.00
 Delhi, Tikri Kalan,166.00,5.11,26.57,-1.41,0.51,4.93,-0.62,0.74,114.83,10000.00,50000.00,1.00,6.00,3.00,5.00,0.00
 Delhi, Kakrola,162.00,0.81,135.00,0.00,0.00,8.33,0.02,0.11,110.72,750.00,25000.00,1.00,11.00,5.00,5.00,0.00
 Delhi, Puth Khurd,165.00,0.81,45.00,0.00,0.00,6.72,-0.10,0.11,122.86,250.00,25000.00,1.00,3.00,3.00,5.00,0.00
 Gurugram, Sector 23,171.00,0.00,-1.00,0.00,0.00,11.63,0.00,1.00,120.54,10000.00,25000.00,1.00,4.00,5.00,7.00,0.00
 New Delhi, Vasant Kunj,223.00,2.29,0.00,-0.64,0.00,6.41,0.00,0.67,123.26,10000.00,25000.00,2.00,4.00,5.00,7.00,0.00
 Delhi, Bharthal,163.00,4.36,66.80,0.00,0.64,5.09,-0.53,0.39,119.25,1000.00,25000.00,1.00,11.00,5.00,5.00,0.00
 Delhi, Holambi Kalan,161.00,0.00,-1.00,0.00,0.00,12.07,0.00,1.00,125.57,500.00,25000.00,7.00,5.00,4.00,7.00,0.00
 Gurugram, Sector 26,218.00,5.65,315.00,-0.16,-0.16,6.44,0.14,0.44,118.89,10000.00,25000.00,4.00,2.00,6.00,6.00,0.00
 New Delhi, Greater Kailash,178.00,3.34,30.96,-0.48,0.80,5.35,-0.41,0.33,126.97,250.00,7500.00,2.00,9.00,5.00,7.00,0.00
 New Delhi, Bawana,165.00,2.29,90.00,0.64,0.00,6.82,0.03,0.33,119.72,10000.00,25000.00,1.00,3.00,3.00,5.00,0.00
 Delhi, Jagjit Nagar,154.00,0.00,-1.00,0.00,0.00,12.73,0.00,1.00,128.49,10000.00,2500.00,6.00,9.00,2.00,5.00,0.00
 Delhi, Narela,161.00,0.00,-1.00,0.00,0.00,10.13,0.00,1.00,127.85,250.00,25000.00,6.00,11.00,4.00,7.00,0.00
 New Delhi, Chanakyapuri,175.00,4.05,98.13,0.00,0.00,7.46,0.16,0.56,127.97,500.00,7500.00,7.00,9.00,5.00,9.00,0.00
 Delhi, Najafgarh,164.00,4.36,23.20,0.00,0.64,5.09,-0.53,0.39,108.55,10000.00,50000.00,1.00,6.00,4.00,5.00,0.00
 New Delhi, Vikram Nagar,158.00,5.11,296.57,-0.13,0.51,4.93,-0.62,0.56,127.77,500.00,750.00,5.00,9.00,2.00,7.00,0.00
 Delhi, Shikarpur,162.00,0.00,-1.00,0.00,0.00,10.53,0.00,1.00,113.53,10000.00,50000.00,1.00,6.00,4.00,5.00,0.00
 Delhi, Rohini,162.00,0.00,-1.00,0.00,0.00,12.48,0.00,1.00,122.36,750.00,25000.00,1.00,7.00,1.00,5.00,0.00
 New Delhi, South Sainik Farm Area,217.00,6.89,335.56,0.54,-0.74,5.73,0.08,0.58,123.79,10000.00,25000.00,2.00,2.00,6.00,6.00,0.00
 New Delhi, Delhi Cantonment,178.00,4.05,261.87,0.00,0.00,5.16,-0.50,0.44,127.12,500.00,25000.00,1.00,9.00,5.00,7.00,0.00
 Sonipat, Kundli,165.00,2.43,45.00,-0.48,0.80,5.66,-0.30,0.44,128.24,250.00,25000.00,1.00,10.00,5.00,5.00,0.00
 New Delhi, Tughlakabad,169.00,8.40,331.70,-0.59,0.05,5.12,0.00,0.56,125.77,250.00,5000.00,2.00,9.00,6.00,6.00,0.00
 New Delhi, Central Ridge Reserve Forest,177.00,2.29,90.00,0.64,0.00,6.41,0.00,0.33,128.02,250.00,7500.00,7.00,9.00,4.00,6.00,0.00
 Delhi, Rohini,165.00,0.00,-1.00,0.00,0.00,14.62,0.01,1.00,124.54,500.00,25000.00,1.00,3.00,3.00,8.00,0.00
 New Delhi, Naraina,183.00,4.57,0.00,0.00,0.00,5.73,0.00,0.50,128.28,10000.00,25000.00,1.00,9.00,5.00,5.00,0.00
 New Delhi, Sainik Farm,190.00,0.00,-1.00,0.00,0.00,12.21,0.00,1.00,125.62,10000.00,25000.00,2.00,2.00,5.00,6.00,0.00
 New Delhi, Janakpuri,149.00,2.29,90.00,0.64,0.00,10.80,0.21,0.33,127.09,250.00,2500.00,5.00,9.00,4.00,5.00,0.00
 Delhi, Kanjhawala,162.00,0.00,-1.00,0.00,0.00,11.23,0.00,1.00,118.32,250.00,25000.00,1.00,7.00,2.00,8.00,0.00
 Delhi, Bakkarwala,162.00,2.56,116.57,0.64,-0.64,7.00,0.05,0.44,115.54,10000.00,25000.00,1.00,6.00,2.00,8.00,0.00
 New Delhi, Punjabi Bagh,171.00,15.12,272.12,-0.64,0.00,4.52,0.00,0.57,127.70,250.00,10000.00,1.00,9.00,4.00,7.00,0.00
 Delhi, Khera Khurd Village,159.00,2.29,0.00,0.64,0.00,10.92,0.21,0.33,125.70,750.00,10000.00,6.00,10.00,4.00,7.00,0.00
 New Delhi, Vasundhara Enclave,150.00,0.81,225.00,0.00,0.00,9.11,0.03,0.11,127.58,250.00,5000.00,6.00,9.00,4.00,7.00,0.00
 Budhanpur Majra, Salahpur Majra Village,167.00,2.56,206.57,-0.64,0.64,5.61,-0.32,0.56,114.51,750.00,25000.00,1.00,10.00,3.00,8.00,0.00
 New Delhi, Narela,159.00,2.43,315.00,-0.80,0.48,5.66,-0.30,0.67,126.87,250.00,5000.00,6.00,11.00,3.00,8.00,0.00
 Delhi, Civil Lines,152.00,2.29,180.00,0.64,0.00,7.51,0.07,0.33,128.74,500.00,500.00,5.00,9.00,2.00,5.00,0.00
 New Delhi, DLF Farms,205.00,0.81,135.00,0.64,-1.28,12.00,0.08,0.67,120.97,1000.00,25000.00,3.00,4.00,6.00,7.00,0.00
 Delhi, Malikpur Zer,167.00,2.56,26.57,-0.64,0.64,5.61,-0.32,0.56,107.13,10000.00,50000.00,1.00,6.00,3.00,5.00,0.00
 New Delhi, Rajokri,190.00,0.00,-1.00,0.00,0.00,12.21,0.00,1.00,121.73,10000.00,25000.00,1.00,4.00,6.00,7.00,0.00
 Delhi, Khera Kalan Village,160.00,1.81,341.57,0.64,0.00,10.45,0.15,0.22,125.88,500.00,10000.00,6.00,10.00,4.00,5.00,0.00
 Delhi, Chandni Chowk,167.00,4.05,261.87,0.00,0.00,5.85,0.00,0.44,128.04,250.00,2500.00,5.00,9.00,3.00,7.00,0.00
 New Delhi,F69R+X2 Asola,208.00,2.56,206.57,0.64,-0.64,7.22,0.06,0.44,123.50,10000.00,25000.00,2.00,2.00,6.00,6.00,0.00
 New Delhi, Sarita Vihar,153.00,0.00,-1.00,0.00,0.00,11.51,0.00,1.00,126.13,250.00,2500.00,7.00,11.00,5.00,6.00,0.00
 New Delhi, Pusa,168.00,2.29,180.00,0.64,0.00,8.28,0.10,0.33,128.10,1000.00,10000.00,1.00,9.00,5.00,8.00,0.00
 Delhi, Puth Khurd,165.00,3.24,135.00,0.96,-0.32,6.77,0.06,0.22,121.32,1000.00,25000.00,1.00,10.00,2.00,5.00,0.00
 New Delhi, Dera Mandi,215.00,7.64,206.57,-0.44,0.20,5.22,0.00,0.47,121.34,10000.00,25000.00,2.00,2.00,6.00,6.00,0.00
 Delhi, Patparganj,153.00,0.00,-1.00,0.00,0.00,17.91,0.01,1.00,127.86,10000.00,5000.00,6.00,9.00,4.00,7.00,0.00
 New Delhi, Vasant Vihar,194.00,2.56,243.44,0.64,0.00,6.30,0.00,0.56,126.48,10000.00,25000.00,2.00,2.00,5.00,7.00,0.00
 Delhi, Sawda,162.00,0.00,-1.00,0.00,0.00,13.33,0.00,1.00,118.34,250.00,25000.00,1.00,7.00,2.00,8.00,0.00
 New Delhi, Gulabi Bagh,166.00,0.00,-1.00,0.00,0.00,11.23,0.00,1.00,128.41,500.00,5000.00,7.00,9.00,4.00,7.00,0.00
 Delhi, Paschim Vihar,164.00,0.00,-1.00,0.00,0.00,12.99,0.00,1.00,126.47,10000.00,25000.00,1.00,9.00,4.00,7.00,0.00
 Delhi, Dwarka,165.00,0.00,-1.00,0.00,0.00,10.13,0.00,1.00,125.68,1000.00,25000.00,1.00,11.00,5.00,5.00,0.00
 New Delhi, Aya Nagar,228.00,4.05,351.87,0.00,0.00,5.16,-0.50,0.44,118.84,10000.00,25000.00,4.00,2.00,6.00,7.00,0.00
 Delhi, Rohini,164.00,0.00,-1.00,0.00,0.00,10.53,0.00,1.00,126.71,250.00,25000.00,1.00,10.00,3.00,6.00,0.00
 New Delhi, Vasant Kunj,215.00,4.13,326.31,0.13,-0.51,5.83,0.00,0.56,122.34,10000.00,25000.00,3.00,4.00,5.00,7.00,0.00
 New Delhi, Central Ridge Reserve Forest,189.00,2.56,333.44,0.64,-0.64,7.40,0.07,0.44,128.11,10000.00,10000.00,2.00,9.00,5.00,6.00,0.00
 Delhi, Kharkhari Round,162.00,0.00,-1.00,0.00,0.00,17.05,0.01,1.00,108.84,750.00,50000.00,1.00,6.00,4.00,8.00,0.00
 Delhi, Mangolpuri,167.00,4.13,213.69,-0.64,0.64,5.14,-0.51,0.52,125.08,750.00,25000.00,1.00,7.00,2.00,7.00,0.00
 Delhi, Gharoli,154.00,6.30,185.19,-0.64,0.00,4.72,-0.77,0.59,127.85,10000.00,7500.00,6.00,12.00,4.00,7.00,0.00
 New Delhi, Sagar Pur,172.00,3.62,71.57,-0.64,0.00,6.37,0.04,0.56,127.80,500.00,25000.00,1.00,9.00,5.00,7.00,0.00
 New Delhi, East of Kailash,179.00,8.29,254.06,-1.24,0.68,4.45,-1.01,0.56,126.90,250.00,5000.00,7.00,9.00,5.00,9.00,0.00
 New Delhi, Jaunapur,204.00,0.00,-1.00,0.00,0.00,10.13,0.00,1.00,120.73,10000.00,25000.00,3.00,2.00,6.00,5.00,0.00
 New Delhi, Kapas Hera Estate,180.00,0.00,-1.00,0.00,0.00,12.14,0.00,1.00,121.24,10000.00,25000.00,1.00,4.00,6.00,7.00,0.00
 New Delhi, Qutab Institutional Area,177.00,0.00,-1.00,0.00,0.00,11.74,0.00,1.00,127.60,10000.00,10000.00,7.00,2.00,5.00,7.00,0.00
 New Delhi, New Friends Colony,150.00,0.00,-1.00,0.00,0.00,12.61,0.00,1.00,127.20,500.00,1000.00,5.00,9.00,4.00,5.00,0.00
 New Delhi, Rajouri Garden,166.00,0.00,-1.00,0.00,0.00,11.83,0.00,1.00,127.13,1000.00,25000.00,1.00,9.00,5.00,5.00,0.00
 Delhi, Chandpur Kalan,162.00,0.00,-1.00,0.00,0.00,11.63,0.00,1.00,117.70,250.00,25000.00,1.00,10.00,2.00,8.00,0.00
 Delhi, Kadipur,157.00,0.00,-1.00,0.00,0.00,10.13,0.00,1.00,127.31,1000.00,2500.00,6.00,12.00,2.00,8.00,0.00
 Delhi, Rohini,167.00,0.00,-1.00,0.00,0.00,12.90,0.00,1.00,128.14,500.00,10000.00,7.00,9.00,4.00,6.00,0.00
 New Delhi, Sultanpur,209.00,5.11,243.44,0.13,-0.51,6.87,0.16,0.44,121.00,10000.00,25000.00,3.00,4.00,6.00,7.00,0.00
 New Delhi, Raj Nagar,169.00,5.11,26.57,-0.13,0.51,4.93,-0.62,0.56,124.60,250.00,25000.00,1.00,9.00,5.00,7.00,0.00
 Delhi, Zindpur,162.00,4.13,303.69,-0.13,0.51,5.14,-0.51,0.44,126.54,750.00,7500.00,6.00,10.00,4.00,5.00,0.00
 Delhi, Rohini,163.00,0.00,-1.00,0.00,0.00,13.12,0.00,1.00,125.73,750.00,25000.00,1.00,10.00,3.00,5.00,0.00
 New Delhi, Delhi Cantonment,194.00,5.42,341.57,0.26,-0.38,5.97,0.07,0.41,126.13,10000.00,25000.00,2.00,4.00,5.00,5.00,0.00
 New Delhi, Kapas Hera,170.00,0.00,-1.00,0.00,0.00,18.06,0.01,1.00,121.74,1000.00,25000.00,1.00,11.00,6.00,7.00,0.00
 Delhi, Jahangirpuri,162.00,13.25,192.27,1.52,-0.40,4.66,0.00,0.43,127.94,500.00,7500.00,6.00,9.00,2.00,5.00,0.00
 New Delhi, Ashok Vihar,165.00,0.00,-1.00,0.00,0.00,12.93,0.00,1.00,128.44,250.00,5000.00,7.00,9.00,4.00,6.00,0.00
 Delhi, Bharthal,162.00,4.36,203.20,1.28,-0.64,7.65,0.19,0.33,119.36,10000.00,25000.00,1.00,11.00,5.00,8.00,0.00
 Delhi, Qutabgarh,171.00,2.29,90.00,-0.64,0.00,5.72,-0.28,0.67,106.09,500.00,25000.00,1.00,7.00,3.00,5.00,0.00
 Delhi, Baprola,162.00,0.00,-1.00,0.00,0.00,13.12,0.00,1.00,115.53,500.00,25000.00,1.00,6.00,3.00,5.00,0.00
 New Delhi, Bhatti Kalan,238.00,0.00,-1.00,0.00,0.00,12.93,0.00,1.00,121.99,10000.00,25000.00,2.00,2.00,5.00,6.00,0.00
 New Delhi, Chandni Chowk,165.00,4.71,255.96,1.15,-0.77,7.21,0.17,0.39,128.38,10000.00,750.00,5.00,9.00,3.00,7.00,0.00
 New Delhi, Samashpur Khalsa,162.00,0.00,-1.00,0.00,0.00,11.51,0.00,1.00,105.70,750.00,50000.00,1.00,6.00,4.00,7.00,0.00
 Delhi, Narela,162.00,2.56,63.43,-0.64,0.64,5.61,-0.32,0.56,127.40,500.00,10000.00,6.00,11.00,4.00,5.00,0.00
 New Delhi, India Gate,155.00,3.24,135.00,0.96,-0.32,6.48,0.04,0.22,127.62,500.00,2500.00,7.00,9.00,3.00,7.00,0.00
 Delhi, Shikarpur,162.00,0.00,-1.00,0.00,0.00,11.51,0.00,1.00,111.96,10000.00,50000.00,1.00,6.00,3.00,5.00,0.00
 New Delhi, Nangloi,162.00,0.00,-1.00,0.00,0.00,12.38,0.00,1.00,120.66,500.00,25000.00,1.00,6.00,3.00,7.00,0.00
 Delhi, Ghummanhera,163.00,0.00,-1.00,0.00,0.00,10.53,0.00,1.00,108.25,10000.00,50000.00,1.00,6.00,3.00,8.00,0.00
 New Delhi, Delhi Cantonment,180.00,4.36,203.20,0.00,-0.64,6.47,0.08,0.61,127.40,1000.00,25000.00,2.00,9.00,5.00,6.00,0.00
 New Delhi, Defence Colony,165.00,3.34,149.04,0.48,-0.80,6.45,0.04,0.67,127.69,250.00,5000.00,2.00,9.00,5.00,5.00,0.00
 Delhi, Jat Khor,165.00,3.24,225.00,0.96,-0.32,6.99,0.08,0.22,109.18,500.00,25000.00,1.00,7.00,3.00,5.00,0.00
 Delhi, New PVC Market,165.00,1.81,251.57,-0.64,1.28,5.95,-0.23,0.33,114.48,10000.00,50000.00,1.00,6.00,3.00,5.00,0.00
